Название,Цена,Фото
G-SHOCK GMA-S2100GA-7A,"11,250",https://shopcasio.bstarco.kg//products/g-shock-gma-s2100ga-7a
G-SHOCK GA-2200M-4A,"15,180",https://shopcasio.bstarco.kg//products/g-shock-ga-2200m-4a
G-SHOCK GA-2200M-1A,"15,180",https://shopcasio.bstarco.kg//products/g-shock-ga-2200m-1a
G-SHOCK DWE-5657RE-1D,"16,230",https://shopcasio.bstarco.kg//products/g-shock-dwe-5657re-1dr
G-SHOCK DW-6640RE-1D,"13,700",https://shopcasio.bstarco.kg//products/g-shock-dw-6640re-1dr
G-SHOCK GA-2140RE-1A,"15,000",https://shopcasio.bstarco.kg//products/g-shock-ga-2140re-1adr
G-SHOCK GA-114RE-1A,"16,300",https://shopcasio.bstarco.kg//products/g-shock-ga-114re-1adr
G-SHOCK GMA-S2200PE-3A,"13,900",https://shopcasio.bstarco.kg//products/g-shock-gma-s2200pe-3adr
G-SHOCK GMA-S2200PE-5A,"13,900",https://shopcasio.bstarco.kg//products/g-shock-gma-s2200pe-5adr
G-SHOCK GMA-S2200PE-6A,"13,900",https://shopcasio.bstarco.kg//products/g-shock-gma-s2200pe-6adr
G-SHOCK GMA-S2100BS-3A,"11,900",https://shopcasio.bstarco.kg//products/g-shock-gma-s2100bs-3adr
G-SHOCK GMA-S2100BS-4A,"11,900",https://shopcasio.bstarco.kg//products/g-shock-gma-s2100bs-4adr
G-SHOCK GMA-S2100BS-7A,"11,900",https://shopcasio.bstarco.kg//products/g-shock-gma-s2100bs-7adr
G-SHOCK GA-B2100-1A1,"17,500",https://shopcasio.bstarco.kg//products/g-shock-ga-b2100-1a1
G-SHOCK GA-B2100-1A,"17,500",https://shopcasio.bstarco.kg//products/g-shock-ga-b2100-1a
G-SHOCK GA-B2100-2A,"17,500",https://shopcasio.bstarco.kg//products/g-shock-ga-b2100-2a
G-SHOCK GA-B2100-3A,"17,500",https://shopcasio.bstarco.kg//products/g-shock-ga-b2100-3a
G-SHOCK GA-B2100C-9A,"18,400",https://shopcasio.bstarco.kg//products/g-shock-ga-b2100c-9a
G-SHOCK GMA-S110GS-3A,"17,500",https://shopcasio.bstarco.kg//products/g-shock-gma-s110gs-3a
G-SHOCK GMA-S110GS-8A,"17,500",https://shopcasio.bstarco.kg//products/g-shock-gma-s110gs-8a
G-SHOCK GMA-S110SR-7A,"17,500",https://shopcasio.bstarco.kg//products/g-shock-gma-s110sr-7a
G-SHOCK GST-B100-1A,"37,470",https://shopcasio.bstarco.kg//products/g-shock-gst-b100-1a
G-SHOCK GST-B100D-1A,"49,610",https://shopcasio.bstarco.kg//products/g-shock-gst-b100d-1a
G-SHOCK GST-B200-1A,"33,100",https://shopcasio.bstarco.kg//products/g-shock-gst-b200-1a
G-SHOCK GST-B200D-1A,"39,100",https://shopcasio.bstarco.kg//products/g-shock-gst-b200d-1a
G-SHOCK GA-2100-1A,"11,250",https://shopcasio.bstarco.kg//products/copy-of-g-shock-ga-2140re-1adr
G-SHOCK GMA-S2100-7A,"11,250",https://shopcasio.bstarco.kg//products/g-shock-gma-s2100-7a
G-SHOCK GMA-P2100-2A,"11,250",https://shopcasio.bstarco.kg//products/g-shock-gma-p2100-2a
G-SHOCK GMA-P2100-7A,"11,250",https://shopcasio.bstarco.kg//products/g-shock-gma-p2100-7a
G-SHOCK GMA-P2100W-7A,"11,250",https://shopcasio.bstarco.kg//products/g-shock-gma-p2100w-7a
G-SHOCK DW-5600BB-1,"10,290",https://shopcasio.bstarco.kg//products/g-shock-dw-5600bb-1a
G-SHOCK DW-5600MW-7,"10,200",https://shopcasio.bstarco.kg//products/g-shock-dw-5600mw-7a
G-SHOCK GA-2100-1A1,"11,110",https://shopcasio.bstarco.kg//products/g-shock-ga-2100-1a1ndr
G-SHOCK MTG-B2000BD-1A4,"121,530",https://shopcasio.bstarco.kg//products/g-shock-mtg-b2000bd-1a4
G-SHOCK MTG-B1000-1A,"94,190",https://shopcasio.bstarco.kg//products/g-shock-mtg-b1000-1a
G-SHOCK GX-56BB-1S,"16,040",https://shopcasio.bstarco.kg//products/g-shock-gx-56bb-1s
G-SHOCK GWG-B1000-3A,"83,225",https://shopcasio.bstarco.kg//products/g-shock-gwg-b1000-3a
G-SHOCK GMA-S2100RB-1A,"15,330",https://shopcasio.bstarco.kg//products/g-shock-gma-s2100rb-1a
G-SHOCK GMA-P2100VA-7A,"12,690",https://shopcasio.bstarco.kg//products/g-shock-gma-p2100va-7a
G-SHOCK GMA-P2100SG-4A,"12,690",https://shopcasio.bstarco.kg//products/g-shock-gma-p2100sg-4a
G-SHOCK GMA-P2100SG-2A,"12,690",https://shopcasio.bstarco.kg//products/g-shock-gma-p2100sg-2a
G-SHOCK GMA-P2100SG-1A,"12,690",https://shopcasio.bstarco.kg//products/g-shock-gma-p2100sg-1a
G-SHOCK GM-B2100AD-2A,"55,490",https://shopcasio.bstarco.kg//products/g-shock-gm-b2100ad-2a
G-SHOCK GD-B500-7D,"12,690",https://shopcasio.bstarco.kg//products/g-shock-gd-b500-7d
G-SHOCK GD-B500-1D,"12,690",https://shopcasio.bstarco.kg//products/g-shock-gd-b500-1d
G-SHOCK GBA-900CB-7A,"14,280",https://shopcasio.bstarco.kg//products/g-shock-gba-900cb-7a
G-SHOCK GBA-900CB-1A,"14,280",https://shopcasio.bstarco.kg//products/g-shock-gba-900cb-1a
G-SHOCK GMA-S2100MD-7A,"13,750",https://shopcasio.bstarco.kg//products/g-shock-gma-s2100md-7a
